timestamp,model,task,real_seconds,output_file
2025-12-21T02:00:02,swiss-ai/Apertus-8B-Instruct-2509,fib,0.792,/Users/anyachenko/Desktop/repo_test2/Data-Science-Lab/results/answers/swiss-ai_Apertus-8B-Instruct-2509_fib_20251221_020001.txt
2025-12-21T02:00:04,swiss-ai/Apertus-8B-Instruct-2509,fib,0.945,/Users/anyachenko/Desktop/repo_test2/Data-Science-Lab/results/answers/swiss-ai_Apertus-8B-Instruct-2509_fib_20251221_020003.txt
2025-12-21T02:00:06,swiss-ai/Apertus-8B-Instruct-2509,fib,0.736,/Users/anyachenko/Desktop/repo_test2/Data-Science-Lab/results/answers/swiss-ai_Apertus-8B-Instruct-2509_fib_20251221_020005.txt
2025-12-21T02:00:07,swiss-ai/Apertus-8B-Instruct-2509,fib,0.808,/Users/anyachenko/Desktop/repo_test2/Data-Science-Lab/results/answers/swiss-ai_Apertus-8B-Instruct-2509_fib_20251221_020006.txt
2025-12-21T02:00:09,swiss-ai/Apertus-8B-Instruct-2509,fib,0.716,/Users/anyachenko/Desktop/repo_test2/Data-Science-Lab/results/answers/swiss-ai_Apertus-8B-Instruct-2509_fib_20251221_020008.txt
2025-12-21T02:00:10,swiss-ai/Apertus-8B-Instruct-2509,fib,0.721,/Users/anyachenko/Desktop/repo_test2/Data-Science-Lab/results/answers/swiss-ai_Apertus-8B-Instruct-2509_fib_20251221_020009.txt
2025-12-21T02:00:11,swiss-ai/Apertus-8B-Instruct-2509,fib,0.702,/Users/anyachenko/Desktop/repo_test2/Data-Science-Lab/results/answers/swiss-ai_Apertus-8B-Instruct-2509_fib_20251221_020011.txt
2025-12-21T02:00:13,swiss-ai/Apertus-8B-Instruct-2509,fib,0.742,/Users/anyachenko/Desktop/repo_test2/Data-Science-Lab/results/answers/swiss-ai_Apertus-8B-Instruct-2509_fib_20251221_020012.txt
2025-12-21T02:00:14,swiss-ai/Apertus-8B-Instruct-2509,fib,0.728,/Users/anyachenko/Desktop/repo_test2/Data-Science-Lab/results/answers/swiss-ai_Apertus-8B-Instruct-2509_fib_20251221_020014.txt
2025-12-21T02:00:16,swiss-ai/Apertus-8B-Instruct-2509,fib,0.708,/Users/anyachenko/Desktop/repo_test2/Data-Science-Lab/results/answers/swiss-ai_Apertus-8B-Instruct-2509_fib_20251221_020015.txt
2025-12-21T02:00:17,swiss-ai/Apertus-8B-Instruct-2509,fib,0.738,/Users/anyachenko/Desktop/repo_test2/Data-Science-Lab/results/answers/swiss-ai_Apertus-8B-Instruct-2509_fib_20251221_020016.txt
2025-12-21T02:00:19,swiss-ai/Apertus-8B-Instruct-2509,fib,0.734,/Users/anyachenko/Desktop/repo_test2/Data-Science-Lab/results/answers/swiss-ai_Apertus-8B-Instruct-2509_fib_20251221_020018.txt
2025-12-21T02:00:20,swiss-ai/Apertus-8B-Instruct-2509,fib,0.745,/Users/anyachenko/Desktop/repo_test2/Data-Science-Lab/results/answers/swiss-ai_Apertus-8B-Instruct-2509_fib_20251221_020019.txt
2025-12-21T02:00:22,swiss-ai/Apertus-8B-Instruct-2509,fib,0.717,/Users/anyachenko/Desktop/repo_test2/Data-Science-Lab/results/answers/swiss-ai_Apertus-8B-Instruct-2509_fib_20251221_020021.txt
2025-12-21T02:00:23,swiss-ai/Apertus-8B-Instruct-2509,fib,0.722,/Users/anyachenko/Desktop/repo_test2/Data-Science-Lab/results/answers/swiss-ai_Apertus-8B-Instruct-2509_fib_20251221_020022.txt
2025-12-21T02:00:25,swiss-ai/Apertus-8B-Instruct-2509,fib,0.710,/Users/anyachenko/Desktop/repo_test2/Data-Science-Lab/results/answers/swiss-ai_Apertus-8B-Instruct-2509_fib_20251221_020024.txt
2025-12-21T02:00:26,swiss-ai/Apertus-8B-Instruct-2509,fib,0.743,/Users/anyachenko/Desktop/repo_test2/Data-Science-Lab/results/answers/swiss-ai_Apertus-8B-Instruct-2509_fib_20251221_020025.txt
2025-12-21T02:00:28,swiss-ai/Apertus-8B-Instruct-2509,fib,0.787,/Users/anyachenko/Desktop/repo_test2/Data-Science-Lab/results/answers/swiss-ai_Apertus-8B-Instruct-2509_fib_20251221_020027.txt
2025-12-21T02:00:29,swiss-ai/Apertus-8B-Instruct-2509,fib,0.715,/Users/anyachenko/Desktop/repo_test2/Data-Science-Lab/results/answers/swiss-ai_Apertus-8B-Instruct-2509_fib_20251221_020028.txt
2025-12-21T02:00:31,swiss-ai/Apertus-8B-Instruct-2509,fib,0.712,/Users/anyachenko/Desktop/repo_test2/Data-Science-Lab/results/answers/swiss-ai_Apertus-8B-Instruct-2509_fib_20251221_020030.txt
2025-12-21T02:00:32,swiss-ai/Apertus-8B-Instruct-2509,fib,0.799,/Users/anyachenko/Desktop/repo_test2/Data-Science-Lab/results/answers/swiss-ai_Apertus-8B-Instruct-2509_fib_20251221_020031.txt
2025-12-21T02:00:34,swiss-ai/Apertus-8B-Instruct-2509,fib,0.722,/Users/anyachenko/Desktop/repo_test2/Data-Science-Lab/results/answers/swiss-ai_Apertus-8B-Instruct-2509_fib_20251221_020033.txt
2025-12-21T02:00:35,swiss-ai/Apertus-8B-Instruct-2509,fib,0.722,/Users/anyachenko/Desktop/repo_test2/Data-Science-Lab/results/answers/swiss-ai_Apertus-8B-Instruct-2509_fib_20251221_020034.txt
2025-12-21T02:00:37,swiss-ai/Apertus-8B-Instruct-2509,fib,0.716,/Users/anyachenko/Desktop/repo_test2/Data-Science-Lab/results/answers/swiss-ai_Apertus-8B-Instruct-2509_fib_20251221_020036.txt
2025-12-21T02:00:38,swiss-ai/Apertus-8B-Instruct-2509,fib,0.798,/Users/anyachenko/Desktop/repo_test2/Data-Science-Lab/results/answers/swiss-ai_Apertus-8B-Instruct-2509_fib_20251221_020037.txt
2025-12-21T02:00:40,swiss-ai/Apertus-8B-Instruct-2509,fib,0.760,/Users/anyachenko/Desktop/repo_test2/Data-Science-Lab/results/answers/swiss-ai_Apertus-8B-Instruct-2509_fib_20251221_020039.txt
2025-12-21T02:00:41,swiss-ai/Apertus-8B-Instruct-2509,fib,0.724,/Users/anyachenko/Desktop/repo_test2/Data-Science-Lab/results/answers/swiss-ai_Apertus-8B-Instruct-2509_fib_20251221_020040.txt
2025-12-21T02:00:43,swiss-ai/Apertus-8B-Instruct-2509,fib,0.726,/Users/anyachenko/Desktop/repo_test2/Data-Science-Lab/results/answers/swiss-ai_Apertus-8B-Instruct-2509_fib_20251221_020042.txt
2025-12-21T02:00:44,swiss-ai/Apertus-8B-Instruct-2509,fib,0.732,/Users/anyachenko/Desktop/repo_test2/Data-Science-Lab/results/answers/swiss-ai_Apertus-8B-Instruct-2509_fib_20251221_020043.txt
2025-12-21T02:00:46,swiss-ai/Apertus-8B-Instruct-2509,fib,0.741,/Users/anyachenko/Desktop/repo_test2/Data-Science-Lab/results/answers/swiss-ai_Apertus-8B-Instruct-2509_fib_20251221_020045.txt
2025-12-21T02:00:47,swiss-ai/Apertus-8B-Instruct-2509,fib,0.779,/Users/anyachenko/Desktop/repo_test2/Data-Science-Lab/results/answers/swiss-ai_Apertus-8B-Instruct-2509_fib_20251221_020046.txt
2025-12-21T02:00:49,swiss-ai/Apertus-8B-Instruct-2509,fib,0.713,/Users/anyachenko/Desktop/repo_test2/Data-Science-Lab/results/answers/swiss-ai_Apertus-8B-Instruct-2509_fib_20251221_020048.txt
2025-12-21T02:00:50,swiss-ai/Apertus-8B-Instruct-2509,fib,0.737,/Users/anyachenko/Desktop/repo_test2/Data-Science-Lab/results/answers/swiss-ai_Apertus-8B-Instruct-2509_fib_20251221_020049.txt
2025-12-21T02:00:52,swiss-ai/Apertus-8B-Instruct-2509,fib,0.752,/Users/anyachenko/Desktop/repo_test2/Data-Science-Lab/results/answers/swiss-ai_Apertus-8B-Instruct-2509_fib_20251221_020051.txt
2025-12-21T02:00:58,swiss-ai/Apertus-8B-Instruct-2509,fib,6.193,/Users/anyachenko/Desktop/repo_test2/Data-Science-Lab/results/answers/swiss-ai_Apertus-8B-Instruct-2509_fib_20251221_020052.txt
2025-12-21T02:01:00,swiss-ai/Apertus-8B-Instruct-2509,fib,0.729,/Users/anyachenko/Desktop/repo_test2/Data-Science-Lab/results/answers/swiss-ai_Apertus-8B-Instruct-2509_fib_20251221_020059.txt
2025-12-21T02:01:01,swiss-ai/Apertus-8B-Instruct-2509,fib,0.733,/Users/anyachenko/Desktop/repo_test2/Data-Science-Lab/results/answers/swiss-ai_Apertus-8B-Instruct-2509_fib_20251221_020101.txt
2025-12-21T02:01:03,swiss-ai/Apertus-8B-Instruct-2509,fib,0.840,/Users/anyachenko/Desktop/repo_test2/Data-Science-Lab/results/answers/swiss-ai_Apertus-8B-Instruct-2509_fib_20251221_020102.txt
2025-12-21T02:01:05,swiss-ai/Apertus-8B-Instruct-2509,fib,0.735,/Users/anyachenko/Desktop/repo_test2/Data-Science-Lab/results/answers/swiss-ai_Apertus-8B-Instruct-2509_fib_20251221_020104.txt
2025-12-21T02:01:06,swiss-ai/Apertus-8B-Instruct-2509,fib,0.876,/Users/anyachenko/Desktop/repo_test2/Data-Science-Lab/results/answers/swiss-ai_Apertus-8B-Instruct-2509_fib_20251221_020106.txt
2025-12-21T02:01:08,swiss-ai/Apertus-8B-Instruct-2509,fib,0.724,/Users/anyachenko/Desktop/repo_test2/Data-Science-Lab/results/answers/swiss-ai_Apertus-8B-Instruct-2509_fib_20251221_020107.txt
2025-12-21T02:01:10,swiss-ai/Apertus-8B-Instruct-2509,fib,0.990,/Users/anyachenko/Desktop/repo_test2/Data-Science-Lab/results/answers/swiss-ai_Apertus-8B-Instruct-2509_fib_20251221_020109.txt
2025-12-21T02:01:11,swiss-ai/Apertus-8B-Instruct-2509,fib,0.715,/Users/anyachenko/Desktop/repo_test2/Data-Science-Lab/results/answers/swiss-ai_Apertus-8B-Instruct-2509_fib_20251221_020110.txt
2025-12-21T02:01:13,swiss-ai/Apertus-8B-Instruct-2509,fib,0.808,/Users/anyachenko/Desktop/repo_test2/Data-Science-Lab/results/answers/swiss-ai_Apertus-8B-Instruct-2509_fib_20251221_020112.txt
2025-12-21T02:01:14,swiss-ai/Apertus-8B-Instruct-2509,fib,0.728,/Users/anyachenko/Desktop/repo_test2/Data-Science-Lab/results/answers/swiss-ai_Apertus-8B-Instruct-2509_fib_20251221_020113.txt
2025-12-21T02:01:16,swiss-ai/Apertus-8B-Instruct-2509,fib,0.775,/Users/anyachenko/Desktop/repo_test2/Data-Science-Lab/results/answers/swiss-ai_Apertus-8B-Instruct-2509_fib_20251221_020115.txt
2025-12-21T02:01:17,swiss-ai/Apertus-8B-Instruct-2509,fib,0.849,/Users/anyachenko/Desktop/repo_test2/Data-Science-Lab/results/answers/swiss-ai_Apertus-8B-Instruct-2509_fib_20251221_020116.txt
2025-12-21T02:01:19,swiss-ai/Apertus-8B-Instruct-2509,fib,0.734,/Users/anyachenko/Desktop/repo_test2/Data-Science-Lab/results/answers/swiss-ai_Apertus-8B-Instruct-2509_fib_20251221_020118.txt
2025-12-21T02:01:21,swiss-ai/Apertus-8B-Instruct-2509,fib,0.934,/Users/anyachenko/Desktop/repo_test2/Data-Science-Lab/results/answers/swiss-ai_Apertus-8B-Instruct-2509_fib_20251221_020120.txt
2025-12-21T02:01:22,swiss-ai/Apertus-8B-Instruct-2509,fib,0.712,/Users/anyachenko/Desktop/repo_test2/Data-Science-Lab/results/answers/swiss-ai_Apertus-8B-Instruct-2509_fib_20251221_020121.txt
2025-12-21T02:01:51,swiss-ai/Apertus-70B-Instruct-2509,fib,6.630,/Users/anyachenko/Desktop/repo_test2/Data-Science-Lab/results/answers/swiss-ai_Apertus-70B-Instruct-2509_fib_20251221_020144.txt
2025-12-21T02:01:58,swiss-ai/Apertus-70B-Instruct-2509,fib,6.574,/Users/anyachenko/Desktop/repo_test2/Data-Science-Lab/results/answers/swiss-ai_Apertus-70B-Instruct-2509_fib_20251221_020152.txt
2025-12-21T02:02:06,swiss-ai/Apertus-70B-Instruct-2509,fib,6.758,/Users/anyachenko/Desktop/repo_test2/Data-Science-Lab/results/answers/swiss-ai_Apertus-70B-Instruct-2509_fib_20251221_020159.txt
2025-12-21T02:02:14,swiss-ai/Apertus-70B-Instruct-2509,fib,6.904,/Users/anyachenko/Desktop/repo_test2/Data-Science-Lab/results/answers/swiss-ai_Apertus-70B-Instruct-2509_fib_20251221_020207.txt
2025-12-21T02:02:22,swiss-ai/Apertus-70B-Instruct-2509,fib,6.901,/Users/anyachenko/Desktop/repo_test2/Data-Science-Lab/results/answers/swiss-ai_Apertus-70B-Instruct-2509_fib_20251221_020215.txt
2025-12-21T02:02:29,swiss-ai/Apertus-70B-Instruct-2509,fib,6.764,/Users/anyachenko/Desktop/repo_test2/Data-Science-Lab/results/answers/swiss-ai_Apertus-70B-Instruct-2509_fib_20251221_020222.txt
2025-12-21T02:02:37,swiss-ai/Apertus-70B-Instruct-2509,fib,6.582,/Users/anyachenko/Desktop/repo_test2/Data-Science-Lab/results/answers/swiss-ai_Apertus-70B-Instruct-2509_fib_20251221_020230.txt
2025-12-21T02:02:44,swiss-ai/Apertus-70B-Instruct-2509,fib,6.592,/Users/anyachenko/Desktop/repo_test2/Data-Science-Lab/results/answers/swiss-ai_Apertus-70B-Instruct-2509_fib_20251221_020237.txt
2025-12-21T02:02:51,swiss-ai/Apertus-70B-Instruct-2509,fib,6.579,/Users/anyachenko/Desktop/repo_test2/Data-Science-Lab/results/answers/swiss-ai_Apertus-70B-Instruct-2509_fib_20251221_020245.txt
2025-12-21T02:02:59,swiss-ai/Apertus-70B-Instruct-2509,fib,6.575,/Users/anyachenko/Desktop/repo_test2/Data-Science-Lab/results/answers/swiss-ai_Apertus-70B-Instruct-2509_fib_20251221_020252.txt
2025-12-21T02:03:06,swiss-ai/Apertus-70B-Instruct-2509,fib,6.531,/Users/anyachenko/Desktop/repo_test2/Data-Science-Lab/results/answers/swiss-ai_Apertus-70B-Instruct-2509_fib_20251221_020300.txt
2025-12-21T02:03:13,swiss-ai/Apertus-70B-Instruct-2509,fib,6.538,/Users/anyachenko/Desktop/repo_test2/Data-Science-Lab/results/answers/swiss-ai_Apertus-70B-Instruct-2509_fib_20251221_020307.txt
2025-12-21T02:03:21,swiss-ai/Apertus-70B-Instruct-2509,fib,6.774,/Users/anyachenko/Desktop/repo_test2/Data-Science-Lab/results/answers/swiss-ai_Apertus-70B-Instruct-2509_fib_20251221_020314.txt
2025-12-21T02:03:29,swiss-ai/Apertus-70B-Instruct-2509,fib,6.897,/Users/anyachenko/Desktop/repo_test2/Data-Science-Lab/results/answers/swiss-ai_Apertus-70B-Instruct-2509_fib_20251221_020322.txt
2025-12-21T02:03:36,swiss-ai/Apertus-70B-Instruct-2509,fib,6.577,/Users/anyachenko/Desktop/repo_test2/Data-Science-Lab/results/answers/swiss-ai_Apertus-70B-Instruct-2509_fib_20251221_020329.txt
2025-12-21T02:03:43,swiss-ai/Apertus-70B-Instruct-2509,fib,6.570,/Users/anyachenko/Desktop/repo_test2/Data-Science-Lab/results/answers/swiss-ai_Apertus-70B-Instruct-2509_fib_20251221_020337.txt
2025-12-21T02:03:51,swiss-ai/Apertus-70B-Instruct-2509,fib,6.606,/Users/anyachenko/Desktop/repo_test2/Data-Science-Lab/results/answers/swiss-ai_Apertus-70B-Instruct-2509_fib_20251221_020344.txt
2025-12-21T02:03:58,swiss-ai/Apertus-70B-Instruct-2509,fib,6.584,/Users/anyachenko/Desktop/repo_test2/Data-Science-Lab/results/answers/swiss-ai_Apertus-70B-Instruct-2509_fib_20251221_020352.txt
2025-12-21T02:04:06,swiss-ai/Apertus-70B-Instruct-2509,fib,6.650,/Users/anyachenko/Desktop/repo_test2/Data-Science-Lab/results/answers/swiss-ai_Apertus-70B-Instruct-2509_fib_20251221_020359.txt
2025-12-21T02:04:13,swiss-ai/Apertus-70B-Instruct-2509,fib,6.520,/Users/anyachenko/Desktop/repo_test2/Data-Science-Lab/results/answers/swiss-ai_Apertus-70B-Instruct-2509_fib_20251221_020406.txt
2025-12-21T02:04:20,swiss-ai/Apertus-70B-Instruct-2509,fib,6.661,/Users/anyachenko/Desktop/repo_test2/Data-Science-Lab/results/answers/swiss-ai_Apertus-70B-Instruct-2509_fib_20251221_020414.txt
2025-12-21T02:04:28,swiss-ai/Apertus-70B-Instruct-2509,fib,6.610,/Users/anyachenko/Desktop/repo_test2/Data-Science-Lab/results/answers/swiss-ai_Apertus-70B-Instruct-2509_fib_20251221_020421.txt
2025-12-21T02:04:35,swiss-ai/Apertus-70B-Instruct-2509,fib,6.906,/Users/anyachenko/Desktop/repo_test2/Data-Science-Lab/results/answers/swiss-ai_Apertus-70B-Instruct-2509_fib_20251221_020429.txt
2025-12-21T02:04:43,swiss-ai/Apertus-70B-Instruct-2509,fib,6.668,/Users/anyachenko/Desktop/repo_test2/Data-Science-Lab/results/answers/swiss-ai_Apertus-70B-Instruct-2509_fib_20251221_020436.txt
2025-12-21T02:04:50,swiss-ai/Apertus-70B-Instruct-2509,fib,6.639,/Users/anyachenko/Desktop/repo_test2/Data-Science-Lab/results/answers/swiss-ai_Apertus-70B-Instruct-2509_fib_20251221_020444.txt
2025-12-21T02:04:58,swiss-ai/Apertus-70B-Instruct-2509,fib,6.521,/Users/anyachenko/Desktop/repo_test2/Data-Science-Lab/results/answers/swiss-ai_Apertus-70B-Instruct-2509_fib_20251221_020451.txt
2025-12-21T02:05:05,swiss-ai/Apertus-70B-Instruct-2509,fib,6.599,/Users/anyachenko/Desktop/repo_test2/Data-Science-Lab/results/answers/swiss-ai_Apertus-70B-Instruct-2509_fib_20251221_020459.txt
2025-12-21T02:05:13,swiss-ai/Apertus-70B-Instruct-2509,fib,6.553,/Users/anyachenko/Desktop/repo_test2/Data-Science-Lab/results/answers/swiss-ai_Apertus-70B-Instruct-2509_fib_20251221_020506.txt
2025-12-21T02:05:20,swiss-ai/Apertus-70B-Instruct-2509,fib,6.805,/Users/anyachenko/Desktop/repo_test2/Data-Science-Lab/results/answers/swiss-ai_Apertus-70B-Instruct-2509_fib_20251221_020514.txt
2025-12-21T02:05:28,swiss-ai/Apertus-70B-Instruct-2509,fib,6.526,/Users/anyachenko/Desktop/repo_test2/Data-Science-Lab/results/answers/swiss-ai_Apertus-70B-Instruct-2509_fib_20251221_020521.txt
2025-12-21T02:05:35,swiss-ai/Apertus-70B-Instruct-2509,fib,6.550,/Users/anyachenko/Desktop/repo_test2/Data-Science-Lab/results/answers/swiss-ai_Apertus-70B-Instruct-2509_fib_20251221_020529.txt
2025-12-21T02:05:43,swiss-ai/Apertus-70B-Instruct-2509,fib,6.768,/Users/anyachenko/Desktop/repo_test2/Data-Science-Lab/results/answers/swiss-ai_Apertus-70B-Instruct-2509_fib_20251221_020536.txt
2025-12-21T02:05:50,swiss-ai/Apertus-70B-Instruct-2509,fib,6.770,/Users/anyachenko/Desktop/repo_test2/Data-Science-Lab/results/answers/swiss-ai_Apertus-70B-Instruct-2509_fib_20251221_020543.txt
2025-12-21T02:05:58,swiss-ai/Apertus-70B-Instruct-2509,fib,6.601,/Users/anyachenko/Desktop/repo_test2/Data-Science-Lab/results/answers/swiss-ai_Apertus-70B-Instruct-2509_fib_20251221_020551.txt
2025-12-21T02:06:05,swiss-ai/Apertus-70B-Instruct-2509,fib,6.568,/Users/anyachenko/Desktop/repo_test2/Data-Science-Lab/results/answers/swiss-ai_Apertus-70B-Instruct-2509_fib_20251221_020558.txt
2025-12-21T02:06:12,swiss-ai/Apertus-70B-Instruct-2509,fib,6.559,/Users/anyachenko/Desktop/repo_test2/Data-Science-Lab/results/answers/swiss-ai_Apertus-70B-Instruct-2509_fib_20251221_020606.txt
2025-12-21T02:06:20,swiss-ai/Apertus-70B-Instruct-2509,fib,6.596,/Users/anyachenko/Desktop/repo_test2/Data-Science-Lab/results/answers/swiss-ai_Apertus-70B-Instruct-2509_fib_20251221_020613.txt
2025-12-21T02:06:27,swiss-ai/Apertus-70B-Instruct-2509,fib,6.545,/Users/anyachenko/Desktop/repo_test2/Data-Science-Lab/results/answers/swiss-ai_Apertus-70B-Instruct-2509_fib_20251221_020620.txt
2025-12-21T02:06:34,swiss-ai/Apertus-70B-Instruct-2509,fib,6.630,/Users/anyachenko/Desktop/repo_test2/Data-Science-Lab/results/answers/swiss-ai_Apertus-70B-Instruct-2509_fib_20251221_020628.txt
2025-12-21T02:06:42,swiss-ai/Apertus-70B-Instruct-2509,fib,6.589,/Users/anyachenko/Desktop/repo_test2/Data-Science-Lab/results/answers/swiss-ai_Apertus-70B-Instruct-2509_fib_20251221_020635.txt
2025-12-21T02:06:49,swiss-ai/Apertus-70B-Instruct-2509,fib,6.786,/Users/anyachenko/Desktop/repo_test2/Data-Science-Lab/results/answers/swiss-ai_Apertus-70B-Instruct-2509_fib_20251221_020643.txt
2025-12-21T02:06:57,swiss-ai/Apertus-70B-Instruct-2509,fib,6.661,/Users/anyachenko/Desktop/repo_test2/Data-Science-Lab/results/answers/swiss-ai_Apertus-70B-Instruct-2509_fib_20251221_020650.txt
2025-12-21T02:07:04,swiss-ai/Apertus-70B-Instruct-2509,fib,6.573,/Users/anyachenko/Desktop/repo_test2/Data-Science-Lab/results/answers/swiss-ai_Apertus-70B-Instruct-2509_fib_20251221_020658.txt
2025-12-21T02:07:12,swiss-ai/Apertus-70B-Instruct-2509,fib,6.580,/Users/anyachenko/Desktop/repo_test2/Data-Science-Lab/results/answers/swiss-ai_Apertus-70B-Instruct-2509_fib_20251221_020705.txt
2025-12-21T02:07:19,swiss-ai/Apertus-70B-Instruct-2509,fib,6.553,/Users/anyachenko/Desktop/repo_test2/Data-Science-Lab/results/answers/swiss-ai_Apertus-70B-Instruct-2509_fib_20251221_020712.txt
2025-12-21T02:07:26,swiss-ai/Apertus-70B-Instruct-2509,fib,6.528,/Users/anyachenko/Desktop/repo_test2/Data-Science-Lab/results/answers/swiss-ai_Apertus-70B-Instruct-2509_fib_20251221_020720.txt
2025-12-21T02:07:34,swiss-ai/Apertus-70B-Instruct-2509,fib,6.643,/Users/anyachenko/Desktop/repo_test2/Data-Science-Lab/results/answers/swiss-ai_Apertus-70B-Instruct-2509_fib_20251221_020727.txt
2025-12-21T02:07:41,swiss-ai/Apertus-70B-Instruct-2509,fib,6.588,/Users/anyachenko/Desktop/repo_test2/Data-Science-Lab/results/answers/swiss-ai_Apertus-70B-Instruct-2509_fib_20251221_020734.txt
2025-12-21T02:07:49,swiss-ai/Apertus-70B-Instruct-2509,fib,6.818,/Users/anyachenko/Desktop/repo_test2/Data-Science-Lab/results/answers/swiss-ai_Apertus-70B-Instruct-2509_fib_20251221_020742.txt
2025-12-21T02:07:56,swiss-ai/Apertus-70B-Instruct-2509,fib,6.817,/Users/anyachenko/Desktop/repo_test2/Data-Science-Lab/results/answers/swiss-ai_Apertus-70B-Instruct-2509_fib_20251221_020749.txt
2025-12-21T02:08:06,Qwen/Qwen3-Next-80B-A3B-Thinking,fib,1.783,/Users/anyachenko/Desktop/repo_test2/Data-Science-Lab/results/answers/Qwen_Qwen3-Next-80B-A3B-Thinking_fib_20251221_020805.txt
2025-12-21T02:08:09,Qwen/Qwen3-Next-80B-A3B-Thinking,fib,1.816,/Users/anyachenko/Desktop/repo_test2/Data-Science-Lab/results/answers/Qwen_Qwen3-Next-80B-A3B-Thinking_fib_20251221_020807.txt
2025-12-21T02:08:12,Qwen/Qwen3-Next-80B-A3B-Thinking,fib,1.808,/Users/anyachenko/Desktop/repo_test2/Data-Science-Lab/results/answers/Qwen_Qwen3-Next-80B-A3B-Thinking_fib_20251221_020810.txt
2025-12-21T02:08:14,Qwen/Qwen3-Next-80B-A3B-Thinking,fib,1.810,/Users/anyachenko/Desktop/repo_test2/Data-Science-Lab/results/answers/Qwen_Qwen3-Next-80B-A3B-Thinking_fib_20251221_020812.txt
2025-12-21T02:08:17,Qwen/Qwen3-Next-80B-A3B-Thinking,fib,1.801,/Users/anyachenko/Desktop/repo_test2/Data-Science-Lab/results/answers/Qwen_Qwen3-Next-80B-A3B-Thinking_fib_20251221_020815.txt
2025-12-21T02:08:19,Qwen/Qwen3-Next-80B-A3B-Thinking,fib,1.805,/Users/anyachenko/Desktop/repo_test2/Data-Science-Lab/results/answers/Qwen_Qwen3-Next-80B-A3B-Thinking_fib_20251221_020818.txt
2025-12-21T02:08:22,Qwen/Qwen3-Next-80B-A3B-Thinking,fib,1.845,/Users/anyachenko/Desktop/repo_test2/Data-Science-Lab/results/answers/Qwen_Qwen3-Next-80B-A3B-Thinking_fib_20251221_020820.txt
2025-12-21T02:08:25,Qwen/Qwen3-Next-80B-A3B-Thinking,fib,1.887,/Users/anyachenko/Desktop/repo_test2/Data-Science-Lab/results/answers/Qwen_Qwen3-Next-80B-A3B-Thinking_fib_20251221_020823.txt
2025-12-21T02:08:28,Qwen/Qwen3-Next-80B-A3B-Thinking,fib,1.849,/Users/anyachenko/Desktop/repo_test2/Data-Science-Lab/results/answers/Qwen_Qwen3-Next-80B-A3B-Thinking_fib_20251221_020826.txt
2025-12-21T02:08:30,Qwen/Qwen3-Next-80B-A3B-Thinking,fib,1.974,/Users/anyachenko/Desktop/repo_test2/Data-Science-Lab/results/answers/Qwen_Qwen3-Next-80B-A3B-Thinking_fib_20251221_020828.txt
2025-12-21T02:08:33,Qwen/Qwen3-Next-80B-A3B-Thinking,fib,1.989,/Users/anyachenko/Desktop/repo_test2/Data-Science-Lab/results/answers/Qwen_Qwen3-Next-80B-A3B-Thinking_fib_20251221_020831.txt
2025-12-21T02:08:36,Qwen/Qwen3-Next-80B-A3B-Thinking,fib,1.920,/Users/anyachenko/Desktop/repo_test2/Data-Science-Lab/results/answers/Qwen_Qwen3-Next-80B-A3B-Thinking_fib_20251221_020834.txt
2025-12-21T02:08:38,Qwen/Qwen3-Next-80B-A3B-Thinking,fib,1.803,/Users/anyachenko/Desktop/repo_test2/Data-Science-Lab/results/answers/Qwen_Qwen3-Next-80B-A3B-Thinking_fib_20251221_020836.txt
2025-12-21T02:08:41,Qwen/Qwen3-Next-80B-A3B-Thinking,fib,1.801,/Users/anyachenko/Desktop/repo_test2/Data-Science-Lab/results/answers/Qwen_Qwen3-Next-80B-A3B-Thinking_fib_20251221_020839.txt
2025-12-21T02:08:43,Qwen/Qwen3-Next-80B-A3B-Thinking,fib,1.800,/Users/anyachenko/Desktop/repo_test2/Data-Science-Lab/results/answers/Qwen_Qwen3-Next-80B-A3B-Thinking_fib_20251221_020841.txt
2025-12-21T02:08:46,Qwen/Qwen3-Next-80B-A3B-Thinking,fib,1.844,/Users/anyachenko/Desktop/repo_test2/Data-Science-Lab/results/answers/Qwen_Qwen3-Next-80B-A3B-Thinking_fib_20251221_020844.txt
2025-12-21T02:08:48,Qwen/Qwen3-Next-80B-A3B-Thinking,fib,1.784,/Users/anyachenko/Desktop/repo_test2/Data-Science-Lab/results/answers/Qwen_Qwen3-Next-80B-A3B-Thinking_fib_20251221_020847.txt
2025-12-21T02:08:56,Qwen/Qwen3-Next-80B-A3B-Thinking,fib,7.214,/Users/anyachenko/Desktop/repo_test2/Data-Science-Lab/results/answers/Qwen_Qwen3-Next-80B-A3B-Thinking_fib_20251221_020849.txt
2025-12-21T02:08:59,Qwen/Qwen3-Next-80B-A3B-Thinking,fib,1.808,/Users/anyachenko/Desktop/repo_test2/Data-Science-Lab/results/answers/Qwen_Qwen3-Next-80B-A3B-Thinking_fib_20251221_020857.txt
2025-12-21T02:09:02,Qwen/Qwen3-Next-80B-A3B-Thinking,fib,1.914,/Users/anyachenko/Desktop/repo_test2/Data-Science-Lab/results/answers/Qwen_Qwen3-Next-80B-A3B-Thinking_fib_20251221_020900.txt
2025-12-21T02:09:04,Qwen/Qwen3-Next-80B-A3B-Thinking,fib,1.790,/Users/anyachenko/Desktop/repo_test2/Data-Science-Lab/results/answers/Qwen_Qwen3-Next-80B-A3B-Thinking_fib_20251221_020902.txt
2025-12-21T02:09:07,Qwen/Qwen3-Next-80B-A3B-Thinking,fib,1.808,/Users/anyachenko/Desktop/repo_test2/Data-Science-Lab/results/answers/Qwen_Qwen3-Next-80B-A3B-Thinking_fib_20251221_020905.txt
2025-12-21T02:09:10,Qwen/Qwen3-Next-80B-A3B-Thinking,fib,1.845,/Users/anyachenko/Desktop/repo_test2/Data-Science-Lab/results/answers/Qwen_Qwen3-Next-80B-A3B-Thinking_fib_20251221_020908.txt
2025-12-21T02:09:13,Qwen/Qwen3-Next-80B-A3B-Thinking,fib,2.026,/Users/anyachenko/Desktop/repo_test2/Data-Science-Lab/results/answers/Qwen_Qwen3-Next-80B-A3B-Thinking_fib_20251221_020911.txt
2025-12-21T02:09:16,Qwen/Qwen3-Next-80B-A3B-Thinking,fib,2.115,/Users/anyachenko/Desktop/repo_test2/Data-Science-Lab/results/answers/Qwen_Qwen3-Next-80B-A3B-Thinking_fib_20251221_020913.txt
2025-12-21T02:09:18,Qwen/Qwen3-Next-80B-A3B-Thinking,fib,1.902,/Users/anyachenko/Desktop/repo_test2/Data-Science-Lab/results/answers/Qwen_Qwen3-Next-80B-A3B-Thinking_fib_20251221_020916.txt
2025-12-21T02:09:21,Qwen/Qwen3-Next-80B-A3B-Thinking,fib,1.811,/Users/anyachenko/Desktop/repo_test2/Data-Science-Lab/results/answers/Qwen_Qwen3-Next-80B-A3B-Thinking_fib_20251221_020919.txt
2025-12-21T02:09:23,Qwen/Qwen3-Next-80B-A3B-Thinking,fib,1.802,/Users/anyachenko/Desktop/repo_test2/Data-Science-Lab/results/answers/Qwen_Qwen3-Next-80B-A3B-Thinking_fib_20251221_020922.txt
2025-12-21T02:09:26,Qwen/Qwen3-Next-80B-A3B-Thinking,fib,1.830,/Users/anyachenko/Desktop/repo_test2/Data-Science-Lab/results/answers/Qwen_Qwen3-Next-80B-A3B-Thinking_fib_20251221_020924.txt
2025-12-21T02:09:29,Qwen/Qwen3-Next-80B-A3B-Thinking,fib,1.808,/Users/anyachenko/Desktop/repo_test2/Data-Science-Lab/results/answers/Qwen_Qwen3-Next-80B-A3B-Thinking_fib_20251221_020927.txt
2025-12-21T02:09:31,Qwen/Qwen3-Next-80B-A3B-Thinking,fib,1.800,/Users/anyachenko/Desktop/repo_test2/Data-Science-Lab/results/answers/Qwen_Qwen3-Next-80B-A3B-Thinking_fib_20251221_020929.txt
2025-12-21T02:09:34,Qwen/Qwen3-Next-80B-A3B-Thinking,fib,1.789,/Users/anyachenko/Desktop/repo_test2/Data-Science-Lab/results/answers/Qwen_Qwen3-Next-80B-A3B-Thinking_fib_20251221_020932.txt
2025-12-21T02:09:36,Qwen/Qwen3-Next-80B-A3B-Thinking,fib,1.783,/Users/anyachenko/Desktop/repo_test2/Data-Science-Lab/results/answers/Qwen_Qwen3-Next-80B-A3B-Thinking_fib_20251221_020935.txt
2025-12-21T02:09:39,Qwen/Qwen3-Next-80B-A3B-Thinking,fib,1.807,/Users/anyachenko/Desktop/repo_test2/Data-Science-Lab/results/answers/Qwen_Qwen3-Next-80B-A3B-Thinking_fib_20251221_020937.txt
2025-12-21T02:09:41,Qwen/Qwen3-Next-80B-A3B-Thinking,fib,1.795,/Users/anyachenko/Desktop/repo_test2/Data-Science-Lab/results/answers/Qwen_Qwen3-Next-80B-A3B-Thinking_fib_20251221_020940.txt
2025-12-21T02:09:44,Qwen/Qwen3-Next-80B-A3B-Thinking,fib,1.786,/Users/anyachenko/Desktop/repo_test2/Data-Science-Lab/results/answers/Qwen_Qwen3-Next-80B-A3B-Thinking_fib_20251221_020942.txt
2025-12-21T02:09:46,Qwen/Qwen3-Next-80B-A3B-Thinking,fib,1.804,/Users/anyachenko/Desktop/repo_test2/Data-Science-Lab/results/answers/Qwen_Qwen3-Next-80B-A3B-Thinking_fib_20251221_020945.txt
2025-12-21T02:09:49,Qwen/Qwen3-Next-80B-A3B-Thinking,fib,1.776,/Users/anyachenko/Desktop/repo_test2/Data-Science-Lab/results/answers/Qwen_Qwen3-Next-80B-A3B-Thinking_fib_20251221_020947.txt
2025-12-21T02:09:52,Qwen/Qwen3-Next-80B-A3B-Thinking,fib,1.807,/Users/anyachenko/Desktop/repo_test2/Data-Science-Lab/results/answers/Qwen_Qwen3-Next-80B-A3B-Thinking_fib_20251221_020950.txt
2025-12-21T02:09:55,Qwen/Qwen3-Next-80B-A3B-Thinking,fib,1.802,/Users/anyachenko/Desktop/repo_test2/Data-Science-Lab/results/answers/Qwen_Qwen3-Next-80B-A3B-Thinking_fib_20251221_020953.txt
2025-12-21T02:10:03,Qwen/Qwen3-Next-80B-A3B-Thinking,fib,7.340,/Users/anyachenko/Desktop/repo_test2/Data-Science-Lab/results/answers/Qwen_Qwen3-Next-80B-A3B-Thinking_fib_20251221_020955.txt
2025-12-21T02:10:06,Qwen/Qwen3-Next-80B-A3B-Thinking,fib,1.960,/Users/anyachenko/Desktop/repo_test2/Data-Science-Lab/results/answers/Qwen_Qwen3-Next-80B-A3B-Thinking_fib_20251221_021004.txt
2025-12-21T02:10:09,Qwen/Qwen3-Next-80B-A3B-Thinking,fib,1.917,/Users/anyachenko/Desktop/repo_test2/Data-Science-Lab/results/answers/Qwen_Qwen3-Next-80B-A3B-Thinking_fib_20251221_021007.txt
2025-12-21T02:10:12,Qwen/Qwen3-Next-80B-A3B-Thinking,fib,1.824,/Users/anyachenko/Desktop/repo_test2/Data-Science-Lab/results/answers/Qwen_Qwen3-Next-80B-A3B-Thinking_fib_20251221_021010.txt
2025-12-21T02:10:14,Qwen/Qwen3-Next-80B-A3B-Thinking,fib,1.833,/Users/anyachenko/Desktop/repo_test2/Data-Science-Lab/results/answers/Qwen_Qwen3-Next-80B-A3B-Thinking_fib_20251221_021012.txt
2025-12-21T02:10:17,Qwen/Qwen3-Next-80B-A3B-Thinking,fib,1.805,/Users/anyachenko/Desktop/repo_test2/Data-Science-Lab/results/answers/Qwen_Qwen3-Next-80B-A3B-Thinking_fib_20251221_021015.txt
2025-12-21T02:10:20,Qwen/Qwen3-Next-80B-A3B-Thinking,fib,1.792,/Users/anyachenko/Desktop/repo_test2/Data-Science-Lab/results/answers/Qwen_Qwen3-Next-80B-A3B-Thinking_fib_20251221_021018.txt
2025-12-10T02:10:22,Qwen/Qwen3-Next-80B-A3B-Thinking,fib,1.817,/Users/anyachenko/Desktop/repo_test2/Data-Science-Lab/results/answers/Qwen_Qwen3-Next-80B-A3B-Thinking_fib_20251221_021021.txt
2025-12-10T02:10:25,Qwen/Qwen3-Next-80B-A3B-Thinking,fib,1.809,/Users/anyachenko/Desktop/repo_test2/Data-Science-Lab/results/answers/Qwen_Qwen3-Next-80B-A3B-Thinking_fib_20251221_021023.txt
2025-12-10T02:10:28,Qwen/Qwen3-Next-80B-A3B-Thinking,fib,1.819,/Users/anyachenko/Desktop/repo_test2/Data-Science-Lab/results/answers/Qwen_Qwen3-Next-80B-A3B-Thinking_fib_20251221_021026.txt
2025-12-10T02:10:30,deepseek-ai/DeepSeek-V3.1,fib,8.596,/Users/anyachenko/Desktop/repo_test2/Data-Science-Lab/results/answers/deepseek-ai_DeepSeek-V3.1_fib_20251210_021028.txt
2025-12-10T02:10:39,deepseek-ai/DeepSeek-V3.1,fib,8.174,/Users/anyachenko/Desktop/repo_test2/Data-Science-Lab/results/answers/deepseek-ai_DeepSeek-V3.1_fib_20251210_021030.txt
2025-12-10T02:10:48,deepseek-ai/DeepSeek-V3.1,fib,8.164,/Users/anyachenko/Desktop/repo_test2/Data-Science-Lab/results/answers/deepseek-ai_DeepSeek-V3.1_fib_20251210_021039.txt
2025-12-10T02:10:57,deepseek-ai/DeepSeek-V3.1,fib,8.185,/Users/anyachenko/Desktop/repo_test2/Data-Science-Lab/results/answers/deepseek-ai_DeepSeek-V3.1_fib_20251210_021048.txt
2025-12-10T02:11:06,deepseek-ai/DeepSeek-V3.1,fib,8.470,/Users/anyachenko/Desktop/repo_test2/Data-Science-Lab/results/answers/deepseek-ai_DeepSeek-V3.1_fib_20251210_021057.txt
2025-12-10T02:11:15,deepseek-ai/DeepSeek-V3.1,fib,8.180,/Users/anyachenko/Desktop/repo_test2/Data-Science-Lab/results/answers/deepseek-ai_DeepSeek-V3.1_fib_20251210_021107.txt
2025-12-10T02:11:23,deepseek-ai/DeepSeek-V3.1,fib,7.700,/Users/anyachenko/Desktop/repo_test2/Data-Science-Lab/results/answers/deepseek-ai_DeepSeek-V3.1_fib_20251210_021114.txt
2025-12-10T02:11:32,deepseek-ai/DeepSeek-V3.1,fib,8.341,/Users/anyachenko/Desktop/repo_test2/Data-Science-Lab/results/answers/deepseek-ai_DeepSeek-V3.1_fib_20251210_021123.txt
2025-12-10T02:11:41,deepseek-ai/DeepSeek-V3.1,fib,8.131,/Users/anyachenko/Desktop/repo_test2/Data-Science-Lab/results/answers/deepseek-ai_DeepSeek-V3.1_fib_20251210_021132.txt
2025-12-10T02:11:50,deepseek-ai/DeepSeek-V3.1,fib,8.148,/Users/anyachenko/Desktop/repo_test2/Data-Science-Lab/results/answers/deepseek-ai_DeepSeek-V3.1_fib_20251210_021141.txt
2025-12-10T02:11:59,deepseek-ai/DeepSeek-V3.1,fib,8.265,/Users/anyachenko/Desktop/repo_test2/Data-Science-Lab/results/answers/deepseek-ai_DeepSeek-V3.1_fib_20251210_021150.txt
2025-12-10T02:12:08,deepseek-ai/DeepSeek-V3.1,fib,8.306,/Users/anyachenko/Desktop/repo_test2/Data-Science-Lab/results/answers/deepseek-ai_DeepSeek-V3.1_fib_20251210_021159.txt
2025-12-10T02:12:17,deepseek-ai/DeepSeek-V3.1,fib,8.632,/Users/anyachenko/Desktop/repo_test2/Data-Science-Lab/results/answers/deepseek-ai_DeepSeek-V3.1_fib_20251210_021208.txt
2025-12-10T02:12:26,deepseek-ai/DeepSeek-V3.1,fib,8.455,/Users/anyachenko/Desktop/repo_test2/Data-Science-Lab/results/answers/deepseek-ai_DeepSeek-V3.1_fib_20251210_021217.txt
2025-12-10T02:12:35,deepseek-ai/DeepSeek-V3.1,fib,8.266,/Users/anyachenko/Desktop/repo_test2/Data-Science-Lab/results/answers/deepseek-ai_DeepSeek-V3.1_fib_20251210_021227.txt
2025-12-10T02:12:43,deepseek-ai/DeepSeek-V3.1,fib,7.965,/Users/anyachenko/Desktop/repo_test2/Data-Science-Lab/results/answers/deepseek-ai_DeepSeek-V3.1_fib_20251210_021235.txt
2025-12-10T02:12:51,deepseek-ai/DeepSeek-V3.1,fib,7.872,/Users/anyachenko/Desktop/repo_test2/Data-Science-Lab/results/answers/deepseek-ai_DeepSeek-V3.1_fib_20251210_021242.txt
2025-12-10T02:13:00,deepseek-ai/DeepSeek-V3.1,fib,8.286,/Users/anyachenko/Desktop/repo_test2/Data-Science-Lab/results/answers/deepseek-ai_DeepSeek-V3.1_fib_20251210_021251.txt
2025-12-10T02:13:09,deepseek-ai/DeepSeek-V3.1,fib,8.512,/Users/anyachenko/Desktop/repo_test2/Data-Science-Lab/results/answers/deepseek-ai_DeepSeek-V3.1_fib_20251210_021300.txt
2025-12-10T02:13:18,deepseek-ai/DeepSeek-V3.1,fib,8.238,/Users/anyachenko/Desktop/repo_test2/Data-Science-Lab/results/answers/deepseek-ai_DeepSeek-V3.1_fib_20251210_021309.txt
2025-12-10T02:13:27,deepseek-ai/DeepSeek-V3.1,fib,8.187,/Users/anyachenko/Desktop/repo_test2/Data-Science-Lab/results/answers/deepseek-ai_DeepSeek-V3.1_fib_20251210_021318.txt
2025-12-10T02:13:36,deepseek-ai/DeepSeek-V3.1,fib,8.398,/Users/anyachenko/Desktop/repo_test2/Data-Science-Lab/results/answers/deepseek-ai_DeepSeek-V3.1_fib_20251210_021328.txt
2025-12-10T02:13:44,deepseek-ai/DeepSeek-V3.1,fib,7.715,/Users/anyachenko/Desktop/repo_test2/Data-Science-Lab/results/answers/deepseek-ai_DeepSeek-V3.1_fib_20251210_021335.txt
2025-12-10T02:13:53,deepseek-ai/DeepSeek-V3.1,fib,8.102,/Users/anyachenko/Desktop/repo_test2/Data-Science-Lab/results/answers/deepseek-ai_DeepSeek-V3.1_fib_20251210_021344.txt
2025-12-10T02:14:02,deepseek-ai/DeepSeek-V3.1,fib,8.359,/Users/anyachenko/Desktop/repo_test2/Data-Science-Lab/results/answers/deepseek-ai_DeepSeek-V3.1_fib_20251210_021353.txt
2025-12-10T02:14:11,deepseek-ai/DeepSeek-V3.1,fib,8.402,/Users/anyachenko/Desktop/repo_test2/Data-Science-Lab/results/answers/deepseek-ai_DeepSeek-V3.1_fib_20251210_021403.txt
2025-12-10T02:14:19,deepseek-ai/DeepSeek-V3.1,fib,7.937,/Users/anyachenko/Desktop/repo_test2/Data-Science-Lab/results/answers/deepseek-ai_DeepSeek-V3.1_fib_20251210_021410.txt
2025-12-10T02:14:28,deepseek-ai/DeepSeek-V3.1,fib,8.320,/Users/anyachenko/Desktop/repo_test2/Data-Science-Lab/results/answers/deepseek-ai_DeepSeek-V3.1_fib_20251210_021419.txt
2025-12-10T02:14:37,deepseek-ai/DeepSeek-V3.1,fib,8.139,/Users/anyachenko/Desktop/repo_test2/Data-Science-Lab/results/answers/deepseek-ai_DeepSeek-V3.1_fib_20251210_021428.txt
2025-12-10T02:14:46,deepseek-ai/DeepSeek-V3.1,fib,8.101,/Users/anyachenko/Desktop/repo_test2/Data-Science-Lab/results/answers/deepseek-ai_DeepSeek-V3.1_fib_20251210_021437.txt
2025-12-10T02:14:55,deepseek-ai/DeepSeek-V3.1,fib,8.127,/Users/anyachenko/Desktop/repo_test2/Data-Science-Lab/results/answers/deepseek-ai_DeepSeek-V3.1_fib_20251210_021446.txt
2025-12-10T02:15:04,deepseek-ai/DeepSeek-V3.1,fib,8.311,/Users/anyachenko/Desktop/repo_test2/Data-Science-Lab/results/answers/deepseek-ai_DeepSeek-V3.1_fib_20251210_021455.txt
2025-12-10T02:15:13,deepseek-ai/DeepSeek-V3.1,fib,8.495,/Users/anyachenko/Desktop/repo_test2/Data-Science-Lab/results/answers/deepseek-ai_DeepSeek-V3.1_fib_20251210_021505.txt
2025-12-10T02:15:21,deepseek-ai/DeepSeek-V3.1,fib,7.876,/Users/anyachenko/Desktop/repo_test2/Data-Science-Lab/results/answers/deepseek-ai_DeepSeek-V3.1_fib_20251210_021513.txt
2025-12-10T02:15:29,deepseek-ai/DeepSeek-V3.1,fib,7.834,/Users/anyachenko/Desktop/repo_test2/Data-Science-Lab/results/answers/deepseek-ai_DeepSeek-V3.1_fib_20251210_021520.txt
2025-12-10T02:15:38,deepseek-ai/DeepSeek-V3.1,fib,8.080,/Users/anyachenko/Desktop/repo_test2/Data-Science-Lab/results/answers/deepseek-ai_DeepSeek-V3.1_fib_20251210_021529.txt
2025-12-10T02:15:47,deepseek-ai/DeepSeek-V3.1,fib,8.344,/Users/anyachenko/Desktop/repo_test2/Data-Science-Lab/results/answers/deepseek-ai_DeepSeek-V3.1_fib_20251210_021538.txt
2025-12-10T02:15:56,deepseek-ai/DeepSeek-V3.1,fib,8.449,/Users/anyachenko/Desktop/repo_test2/Data-Science-Lab/results/answers/deepseek-ai_DeepSeek-V3.1_fib_20251210_021547.txt
2025-12-10T02:16:05,deepseek-ai/DeepSeek-V3.1,fib,8.203,/Users/anyachenko/Desktop/repo_test2/Data-Science-Lab/results/answers/deepseek-ai_DeepSeek-V3.1_fib_20251210_021556.txt
2025-12-10T02:16:14,deepseek-ai/DeepSeek-V3.1,fib,8.348,/Users/anyachenko/Desktop/repo_test2/Data-Science-Lab/results/answers/deepseek-ai_DeepSeek-V3.1_fib_20251210_021605.txt
2025-12-10T02:16:23,deepseek-ai/DeepSeek-V3.1,fib,8.490,/Users/anyachenko/Desktop/repo_test2/Data-Science-Lab/results/answers/deepseek-ai_DeepSeek-V3.1_fib_20251210_021614.txt
2025-12-10T02:16:32,deepseek-ai/DeepSeek-V3.1,fib,8.227,/Users/anyachenko/Desktop/repo_test2/Data-Science-Lab/results/answers/deepseek-ai_DeepSeek-V3.1_fib_20251210_021623.txt
2025-12-10T02:16:41,deepseek-ai/DeepSeek-V3.1,fib,8.170,/Users/anyachenko/Desktop/repo_test2/Data-Science-Lab/results/answers/deepseek-ai_DeepSeek-V3.1_fib_20251210_021633.txt
2025-12-10T02:16:49,deepseek-ai/DeepSeek-V3.1,fib,7.879,/Users/anyachenko/Desktop/repo_test2/Data-Science-Lab/results/answers/deepseek-ai_DeepSeek-V3.1_fib_20251210_021640.txt
2025-12-10T02:16:58,deepseek-ai/DeepSeek-V3.1,fib,8.163,/Users/anyachenko/Desktop/repo_test2/Data-Science-Lab/results/answers/deepseek-ai_DeepSeek-V3.1_fib_20251210_021649.txt
2025-12-10T02:17:07,deepseek-ai/DeepSeek-V3.1,fib,8.397,/Users/anyachenko/Desktop/repo_test2/Data-Science-Lab/results/answers/deepseek-ai_DeepSeek-V3.1_fib_20251210_021658.txt
2025-12-10T02:17:16,deepseek-ai/DeepSeek-V3.1,fib,8.378,/Users/anyachenko/Desktop/repo_test2/Data-Science-Lab/results/answers/deepseek-ai_DeepSeek-V3.1_fib_20251210_021707.txt
2025-12-10T02:17:25,deepseek-ai/DeepSeek-V3.1,fib,8.988,/Users/anyachenko/Desktop/repo_test2/Data-Science-Lab/results/answers/deepseek-ai_DeepSeek-V3.1_fib_20251210_021717.txt
2025-12-10T02:17:33,deepseek-ai/DeepSeek-V3.1,fib,7.307,/Users/anyachenko/Desktop/repo_test2/Data-Science-Lab/results/answers/deepseek-ai_DeepSeek-V3.1_fib_20251210_021724.txt
2025-12-10T02:17:42,deepseek-ai/DeepSeek-V3.1,fib,8.599,/Users/anyachenko/Desktop/repo_test2/Data-Science-Lab/results/answers/deepseek-ai_DeepSeek-V3.1_fib_20251210_021733.txt
2025-12-10T02:17:50,moonshotai/Kimi-K2-Thinking,fib,7.562,/Users/anyachenko/Desktop/repo_test2/Data-Science-Lab/results/answers/moonshotai_Kimi-K2-Thinking_fib_20251210_021742.txt
2025-12-10T02:17:58,moonshotai/Kimi-K2-Thinking,fib,7.419,/Users/anyachenko/Desktop/repo_test2/Data-Science-Lab/results/answers/moonshotai_Kimi-K2-Thinking_fib_20251210_021750.txt
2025-12-10T02:18:06,moonshotai/Kimi-K2-Thinking,fib,6.314,/Users/anyachenko/Desktop/repo_test2/Data-Science-Lab/results/answers/moonshotai_Kimi-K2-Thinking_fib_20251210_021759.txt
2025-12-10T02:18:13,moonshotai/Kimi-K2-Thinking,fib,7.236,/Users/anyachenko/Desktop/repo_test2/Data-Science-Lab/results/answers/moonshotai_Kimi-K2-Thinking_fib_20251210_021805.txt
2025-12-10T02:18:21,moonshotai/Kimi-K2-Thinking,fib,7.186,/Users/anyachenko/Desktop/repo_test2/Data-Science-Lab/results/answers/moonshotai_Kimi-K2-Thinking_fib_20251210_021813.txt
2025-12-10T02:18:29,moonshotai/Kimi-K2-Thinking,fib,6.998,/Users/anyachenko/Desktop/repo_test2/Data-Science-Lab/results/answers/moonshotai_Kimi-K2-Thinking_fib_20251210_021822.txt
2025-12-10T02:18:36,moonshotai/Kimi-K2-Thinking,fib,6.646,/Users/anyachenko/Desktop/repo_test2/Data-Science-Lab/results/answers/moonshotai_Kimi-K2-Thinking_fib_20251210_021829.txt
2025-12-10T02:18:43,moonshotai/Kimi-K2-Thinking,fib,7.133,/Users/anyachenko/Desktop/repo_test2/Data-Science-Lab/results/answers/moonshotai_Kimi-K2-Thinking_fib_20251210_021835.txt
2025-12-10T02:18:51,moonshotai/Kimi-K2-Thinking,fib,6.445,/Users/anyachenko/Desktop/repo_test2/Data-Science-Lab/results/answers/moonshotai_Kimi-K2-Thinking_fib_20251210_021844.txt
2025-12-10T02:18:58,moonshotai/Kimi-K2-Thinking,fib,6.865,/Users/anyachenko/Desktop/repo_test2/Data-Science-Lab/results/answers/moonshotai_Kimi-K2-Thinking_fib_20251210_021851.txt
2025-12-10T02:19:05,moonshotai/Kimi-K2-Thinking,fib,6.889,/Users/anyachenko/Desktop/repo_test2/Data-Science-Lab/results/answers/moonshotai_Kimi-K2-Thinking_fib_20251210_021858.txt
2025-12-10T02:19:12,moonshotai/Kimi-K2-Thinking,fib,7.539,/Users/anyachenko/Desktop/repo_test2/Data-Science-Lab/results/answers/moonshotai_Kimi-K2-Thinking_fib_20251210_021904.txt
2025-12-10T02:19:20,moonshotai/Kimi-K2-Thinking,fib,7.438,/Users/anyachenko/Desktop/repo_test2/Data-Science-Lab/results/answers/moonshotai_Kimi-K2-Thinking_fib_20251210_021912.txt
2025-12-10T02:19:28,moonshotai/Kimi-K2-Thinking,fib,6.642,/Users/anyachenko/Desktop/repo_test2/Data-Science-Lab/results/answers/moonshotai_Kimi-K2-Thinking_fib_20251210_021921.txt
2025-12-10T02:19:35,moonshotai/Kimi-K2-Thinking,fib,6.950,/Users/anyachenko/Desktop/repo_test2/Data-Science-Lab/results/answers/moonshotai_Kimi-K2-Thinking_fib_20251210_021928.txt
2025-12-10T02:19:42,moonshotai/Kimi-K2-Thinking,fib,6.532,/Users/anyachenko/Desktop/repo_test2/Data-Science-Lab/results/answers/moonshotai_Kimi-K2-Thinking_fib_20251210_021935.txt
2025-12-10T02:19:49,moonshotai/Kimi-K2-Thinking,fib,7.486,/Users/anyachenko/Desktop/repo_test2/Data-Science-Lab/results/answers/moonshotai_Kimi-K2-Thinking_fib_20251210_021941.txt
2025-12-10T02:19:57,moonshotai/Kimi-K2-Thinking,fib,7.431,/Users/anyachenko/Desktop/repo_test2/Data-Science-Lab/results/answers/moonshotai_Kimi-K2-Thinking_fib_20251210_021949.txt
2025-12-10T02:20:05,moonshotai/Kimi-K2-Thinking,fib,6.687,/Users/anyachenko/Desktop/repo_test2/Data-Science-Lab/results/answers/moonshotai_Kimi-K2-Thinking_fib_20251210_021958.txt
2025-12-10T02:20:12,moonshotai/Kimi-K2-Thinking,fib,7.130,/Users/anyachenko/Desktop/repo_test2/Data-Science-Lab/results/answers/moonshotai_Kimi-K2-Thinking_fib_20251210_022004.txt
2025-12-10T02:20:20,moonshotai/Kimi-K2-Thinking,fib,7.091,/Users/anyachenko/Desktop/repo_test2/Data-Science-Lab/results/answers/moonshotai_Kimi-K2-Thinking_fib_20251210_022012.txt
2025-12-10T02:20:28,moonshotai/Kimi-K2-Thinking,fib,6.498,/Users/anyachenko/Desktop/repo_test2/Data-Science-Lab/results/answers/moonshotai_Kimi-K2-Thinking_fib_20251210_022021.txt
2025-12-10T02:20:35,moonshotai/Kimi-K2-Thinking,fib,7.291,/Users/anyachenko/Desktop/repo_test2/Data-Science-Lab/results/answers/moonshotai_Kimi-K2-Thinking_fib_20251210_022027.txt
2025-12-10T02:20:43,moonshotai/Kimi-K2-Thinking,fib,7.001,/Users/anyachenko/Desktop/repo_test2/Data-Science-Lab/results/answers/moonshotai_Kimi-K2-Thinking_fib_20251210_022035.txt
2025-12-10T02:20:51,moonshotai/Kimi-K2-Thinking,fib,7.312,/Users/anyachenko/Desktop/repo_test2/Data-Science-Lab/results/answers/moonshotai_Kimi-K2-Thinking_fib_20251210_022043.txt
2025-12-10T02:20:59,moonshotai/Kimi-K2-Thinking,fib,6.98,/Users/anyachenko/Desktop/repo_test2/Data-Science-Lab/results/answers/moonshotai_Kimi-K2-Thinking_fib_20251210_022052.txt
2025-12-10T02:21:06,moonshotai/Kimi-K2-Thinking,fib,6.300,/Users/anyachenko/Desktop/repo_test2/Data-Science-Lab/results/answers/moonshotai_Kimi-K2-Thinking_fib_20251210_022059.txt
2025-12-10T02:21:13,moonshotai/Kimi-K2-Thinking,fib,6.721,/Users/anyachenko/Desktop/repo_test2/Data-Science-Lab/results/answers/moonshotai_Kimi-K2-Thinking_fib_20251210_022106.txt
2025-12-10T02:21:20,moonshotai/Kimi-K2-Thinking,fib,6.325,/Users/anyachenko/Desktop/repo_test2/Data-Science-Lab/results/answers/moonshotai_Kimi-K2-Thinking_fib_20251210_022113.txt
2025-12-10T02:21:27,moonshotai/Kimi-K2-Thinking,fib,7.507,/Users/anyachenko/Desktop/repo_test2/Data-Science-Lab/results/answers/moonshotai_Kimi-K2-Thinking_fib_20251210_022119.txt
2025-12-10T02:21:35,moonshotai/Kimi-K2-Thinking,fib,7.442,/Users/anyachenko/Desktop/repo_test2/Data-Science-Lab/results/answers/moonshotai_Kimi-K2-Thinking_fib_20251210_022127.txt
2025-12-10T02:21:43,moonshotai/Kimi-K2-Thinking,fib,7.381,/Users/anyachenko/Desktop/repo_test2/Data-Science-Lab/results/answers/moonshotai_Kimi-K2-Thinking_fib_20251210_022135.txt
2025-12-10T02:21:51,moonshotai/Kimi-K2-Thinking,fib,6.699,/Users/anyachenko/Desktop/repo_test2/Data-Science-Lab/results/answers/moonshotai_Kimi-K2-Thinking_fib_20251210_022144.txt
2025-12-10T02:21:58,moonshotai/Kimi-K2-Thinking,fib,6.375,/Users/anyachenko/Desktop/repo_test2/Data-Science-Lab/results/answers/moonshotai_Kimi-K2-Thinking_fib_20251210_022151.txt
2025-12-10T02:22:05,moonshotai/Kimi-K2-Thinking,fib,7.441,/Users/anyachenko/Desktop/repo_test2/Data-Science-Lab/results/answers/moonshotai_Kimi-K2-Thinking_fib_20251210_022157.txt
2025-12-10T02:22:13,moonshotai/Kimi-K2-Thinking,fib,7.531,/Users/anyachenko/Desktop/repo_test2/Data-Science-Lab/results/answers/moonshotai_Kimi-K2-Thinking_fib_20251210_022205.txt
2025-12-10T02:22:21,moonshotai/Kimi-K2-Thinking,fib,6.411,/Users/anyachenko/Desktop/repo_test2/Data-Science-Lab/results/answers/moonshotai_Kimi-K2-Thinking_fib_20251210_022214.txt
2025-12-10T02:22:28,moonshotai/Kimi-K2-Thinking,fib,6.931,/Users/anyachenko/Desktop/repo_test2/Data-Science-Lab/results/answers/moonshotai_Kimi-K2-Thinking_fib_20251210_022221.txt
2025-12-10T02:22:35,moonshotai/Kimi-K2-Thinking,fib,6.389,/Users/anyachenko/Desktop/repo_test2/Data-Science-Lab/results/answers/moonshotai_Kimi-K2-Thinking_fib_20251210_022228.txt
2025-12-10T02:22:42,moonshotai/Kimi-K2-Thinking,fib,7.288,/Users/anyachenko/Desktop/repo_test2/Data-Science-Lab/results/answers/moonshotai_Kimi-K2-Thinking_fib_20251210_022234.txt
2025-12-10T02:22:50,moonshotai/Kimi-K2-Thinking,fib,7.295,/Users/anyachenko/Desktop/repo_test2/Data-Science-Lab/results/answers/moonshotai_Kimi-K2-Thinking_fib_20251210_022242.txt
2025-12-10T02:22:58,moonshotai/Kimi-K2-Thinking,fib,6.466,/Users/anyachenko/Desktop/repo_test2/Data-Science-Lab/results/answers/moonshotai_Kimi-K2-Thinking_fib_20251210_022251.txt
2025-12-10T02:23:05,moonshotai/Kimi-K2-Thinking,fib,6.917,/Users/anyachenko/Desktop/repo_test2/Data-Science-Lab/results/answers/moonshotai_Kimi-K2-Thinking_fib_20251210_022258.txt
2025-12-10T02:23:12,moonshotai/Kimi-K2-Thinking,fib,7.014,/Users/anyachenko/Desktop/repo_test2/Data-Science-Lab/results/answers/moonshotai_Kimi-K2-Thinking_fib_20251210_022304.txt
2025-12-10T02:23:20,moonshotai/Kimi-K2-Thinking,fib,6.644,/Users/anyachenko/Desktop/repo_test2/Data-Science-Lab/results/answers/moonshotai_Kimi-K2-Thinking_fib_20251210_022313.txt
2025-12-10T02:23:27,moonshotai/Kimi-K2-Thinking,fib,7.434,/Users/anyachenko/Desktop/repo_test2/Data-Science-Lab/results/answers/moonshotai_Kimi-K2-Thinking_fib_20251210_022319.txt
2025-12-10T02:23:35,moonshotai/Kimi-K2-Thinking,fib,6.850,/Users/anyachenko/Desktop/repo_test2/Data-Science-Lab/results/answers/moonshotai_Kimi-K2-Thinking_fib_20251210_022328.txt
2025-12-10T02:23:42,moonshotai/Kimi-K2-Thinking,fib,6.575,/Users/anyachenko/Desktop/repo_test2/Data-Science-Lab/results/answers/moonshotai_Kimi-K2-Thinking_fib_20251210_022335.txt
2025-12-10T02:23:49,moonshotai/Kimi-K2-Thinking,fib,7.001,/Users/anyachenko/Desktop/repo_test2/Data-Science-Lab/results/answers/moonshotai_Kimi-K2-Thinking_fib_20251210_022341.txt
2025-12-10T02:23:57,moonshotai/Kimi-K2-Thinking,fib,6.328,/Users/anyachenko/Desktop/repo_test2/Data-Science-Lab/results/answers/moonshotai_Kimi-K2-Thinking_fib_20251210_022350.txt
2025-12-10T02:24:04,Qwen/Qwen3-32B,fib,4.121,/Users/anyachenko/Desktop/repo_test2/Data-Science-Lab/results/answers/Qwen_Qwen3-32B_fib_20251210_022359.txt
2025-12-10T02:24:09,Qwen/Qwen3-32B,fib,4.099,/Users/anyachenko/Desktop/repo_test2/Data-Science-Lab/results/answers/Qwen_Qwen3-32B_fib_20251210_022404.txt
2025-12-10T02:24:14,Qwen/Qwen3-32B,fib,4.173,/Users/anyachenko/Desktop/repo_test2/Data-Science-Lab/results/answers/Qwen_Qwen3-32B_fib_20251210_022409.txt
2025-12-10T02:24:19,Qwen/Qwen3-32B,fib,3.595,/Users/anyachenko/Desktop/repo_test2/Data-Science-Lab/results/answers/Qwen_Qwen3-32B_fib_20251210_022415.txt
2025-12-10T02:24:23,Qwen/Qwen3-32B,fib,3.941,/Users/anyachenko/Desktop/repo_test2/Data-Science-Lab/results/answers/Qwen_Qwen3-32B_fib_20251210_022419.txt
2025-12-10T02:24:27,Qwen/Qwen3-32B,fib,4.102,/Users/anyachenko/Desktop/repo_test2/Data-Science-Lab/results/answers/Qwen_Qwen3-32B_fib_20251210_022422.txt
2025-12-10T02:24:32,Qwen/Qwen3-32B,fib,3.346,/Users/anyachenko/Desktop/repo_test2/Data-Science-Lab/results/answers/Qwen_Qwen3-32B_fib_20251210_022428.txt
2025-12-10T02:24:36,Qwen/Qwen3-32B,fib,3.210,/Users/anyachenko/Desktop/repo_test2/Data-Science-Lab/results/answers/Qwen_Qwen3-32B_fib_20251210_022432.txt
2025-12-10T02:24:40,Qwen/Qwen3-32B,fib,3.431,/Users/anyachenko/Desktop/repo_test2/Data-Science-Lab/results/answers/Qwen_Qwen3-32B_fib_20251210_022436.txt
2025-12-10T02:24:44,Qwen/Qwen3-32B,fib,4.207,/Users/anyachenko/Desktop/repo_test2/Data-Science-Lab/results/answers/Qwen_Qwen3-32B_fib_20251210_022439.txt
2025-12-10T02:24:49,Qwen/Qwen3-32B,fib,4.088,/Users/anyachenko/Desktop/repo_test2/Data-Science-Lab/results/answers/Qwen_Qwen3-32B_fib_20251210_022444.txt
2025-12-10T02:24:54,Qwen/Qwen3-32B,fib,3.343,/Users/anyachenko/Desktop/repo_test2/Data-Science-Lab/results/answers/Qwen_Qwen3-32B_fib_20251210_022450.txt
2025-12-10T02:24:58,Qwen/Qwen3-32B,fib,4.132,/Users/anyachenko/Desktop/repo_test2/Data-Science-Lab/results/answers/Qwen_Qwen3-32B_fib_20251210_022453.txt
2025-12-10T02:25:03,Qwen/Qwen3-32B,fib,3.392,/Users/anyachenko/Desktop/repo_test2/Data-Science-Lab/results/answers/Qwen_Qwen3-32B_fib_20251210_022459.txt
2025-12-10T02:25:07,Qwen/Qwen3-32B,fib,3.493,/Users/anyachenko/Desktop/repo_test2/Data-Science-Lab/results/answers/Qwen_Qwen3-32B_fib_20251210_022503.txt
2025-12-10T02:25:11,Qwen/Qwen3-32B,fib,3.385,/Users/anyachenko/Desktop/repo_test2/Data-Science-Lab/results/answers/Qwen_Qwen3-32B_fib_20251210_022507.txt
2025-12-10T02:25:15,Qwen/Qwen3-32B,fib,4.172,/Users/anyachenko/Desktop/repo_test2/Data-Science-Lab/results/answers/Qwen_Qwen3-32B_fib_20251210_022510.txt
2025-12-10T02:25:20,Qwen/Qwen3-32B,fib,4.111,/Users/anyachenko/Desktop/repo_test2/Data-Science-Lab/results/answers/Qwen_Qwen3-32B_fib_20251210_022515.txt
2025-12-10T02:25:25,Qwen/Qwen3-32B,fib,3.271,/Users/anyachenko/Desktop/repo_test2/Data-Science-Lab/results/answers/Qwen_Qwen3-32B_fib_20251210_022521.txt
2025-12-10T02:25:29,Qwen/Qwen3-32B,fib,3.226,/Users/anyachenko/Desktop/repo_test2/Data-Science-Lab/results/answers/Qwen_Qwen3-32B_fib_20251210_022525.txt
2025-12-10T02:25:33,Qwen/Qwen3-32B,fib,4.070,/Users/anyachenko/Desktop/repo_test2/Data-Science-Lab/results/answers/Qwen_Qwen3-32B_fib_20251210_022528.txt
2025-12-10T02:25:38,Qwen/Qwen3-32B,fib,3.633,/Users/anyachenko/Desktop/repo_test2/Data-Science-Lab/results/answers/Qwen_Qwen3-32B_fib_20251210_022534.txt
2025-12-10T02:25:42,Qwen/Qwen3-32B,fib,3.825,/Users/anyachenko/Desktop/repo_test2/Data-Science-Lab/results/answers/Qwen_Qwen3-32B_fib_20251210_022538.txt
2025-12-10T02:25:46,Qwen/Qwen3-32B,fib,3.902,/Users/anyachenko/Desktop/repo_test2/Data-Science-Lab/results/answers/Qwen_Qwen3-32B_fib_20251210_022542.txt
2025-12-10T02:25:50,Qwen/Qwen3-32B,fib,3.798,/Users/anyachenko/Desktop/repo_test2/Data-Science-Lab/results/answers/Qwen_Qwen3-32B_fib_20251210_022546.txt
2025-12-10T02:25:54,Qwen/Qwen3-32B,fib,3.407,/Users/anyachenko/Desktop/repo_test2/Data-Science-Lab/results/answers/Qwen_Qwen3-32B_fib_20251210_022550.txt
2025-12-10T02:25:58,Qwen/Qwen3-32B,fib,3.541,/Users/anyachenko/Desktop/repo_test2/Data-Science-Lab/results/answers/Qwen_Qwen3-32B_fib_20251210_022554.txt
2025-12-10T02:26:02,Qwen/Qwen3-32B,fib,3.857,/Users/anyachenko/Desktop/repo_test2/Data-Science-Lab/results/answers/Qwen_Qwen3-32B_fib_20251210_022558.txt
2025-12-10T02:26:06,Qwen/Qwen3-32B,fib,4.063,/Users/anyachenko/Desktop/repo_test2/Data-Science-Lab/results/answers/Qwen_Qwen3-32B_fib_20251210_022601.txt
2025-12-10T02:26:11,Qwen/Qwen3-32B,fib,3.572,/Users/anyachenko/Desktop/repo_test2/Data-Science-Lab/results/answers/Qwen_Qwen3-32B_fib_20251210_022607.txt
2025-12-10T02:26:15,Qwen/Qwen3-32B,fib,3.225,/Users/anyachenko/Desktop/repo_test2/Data-Science-Lab/results/answers/Qwen_Qwen3-32B_fib_20251210_022611.txt
2025-12-10T02:26:19,Qwen/Qwen3-32B,fib,3.360,/Users/anyachenko/Desktop/repo_test2/Data-Science-Lab/results/answers/Qwen_Qwen3-32B_fib_20251210_022615.txt
2025-12-10T02:26:23,Qwen/Qwen3-32B,fib,3.513,/Users/anyachenko/Desktop/repo_test2/Data-Science-Lab/results/answers/Qwen_Qwen3-32B_fib_20251210_022619.txt
2025-12-10T02:26:27,Qwen/Qwen3-32B,fib,4.257,/Users/anyachenko/Desktop/repo_test2/Data-Science-Lab/results/answers/Qwen_Qwen3-32B_fib_20251210_022622.txt
2025-12-10T02:26:32,Qwen/Qwen3-32B,fib,3.670,/Users/anyachenko/Desktop/repo_test2/Data-Science-Lab/results/answers/Qwen_Qwen3-32B_fib_20251210_022628.txt
2025-12-10T02:26:36,Qwen/Qwen3-32B,fib,3.747,/Users/anyachenko/Desktop/repo_test2/Data-Science-Lab/results/answers/Qwen_Qwen3-32B_fib_20251210_022632.txt
2025-12-10T02:26:40,Qwen/Qwen3-32B,fib,3.665,/Users/anyachenko/Desktop/repo_test2/Data-Science-Lab/results/answers/Qwen_Qwen3-32B_fib_20251210_022636.txt
2025-12-10T02:26:44,Qwen/Qwen3-32B,fib,4.153,/Users/anyachenko/Desktop/repo_test2/Data-Science-Lab/results/answers/Qwen_Qwen3-32B_fib_20251210_022639.txt
2025-12-10T02:26:49,Qwen/Qwen3-32B,fib,4.081,/Users/anyachenko/Desktop/repo_test2/Data-Science-Lab/results/answers/Qwen_Qwen3-32B_fib_20251210_022644.txt
2025-12-10T02:26:54,Qwen/Qwen3-32B,fib,3.369,/Users/anyachenko/Desktop/repo_test2/Data-Science-Lab/results/answers/Qwen_Qwen3-32B_fib_20251210_022650.txt
2025-12-10T02:26:58,Qwen/Qwen3-32B,fib,3.933,/Users/anyachenko/Desktop/repo_test2/Data-Science-Lab/results/answers/Qwen_Qwen3-32B_fib_20251210_022654.txt
2025-12-10T02:27:02,Qwen/Qwen3-32B,fib,3.805,/Users/anyachenko/Desktop/repo_test2/Data-Science-Lab/results/answers/Qwen_Qwen3-32B_fib_20251210_022658.txt
2025-12-10T02:27:06,Qwen/Qwen3-32B,fib,4.187,/Users/anyachenko/Desktop/repo_test2/Data-Science-Lab/results/answers/Qwen_Qwen3-32B_fib_20251210_022701.txt
2025-12-10T02:27:11,Qwen/Qwen3-32B,fib,3.269,/Users/anyachenko/Desktop/repo_test2/Data-Science-Lab/results/answers/Qwen_Qwen3-32B_fib_20251210_022707.txt
2025-12-10T02:27:15,Qwen/Qwen3-32B,fib,3.836,/Users/anyachenko/Desktop/repo_test2/Data-Science-Lab/results/answers/Qwen_Qwen3-32B_fib_20251210_022711.txt
2025-12-10T02:27:19,Qwen/Qwen3-32B,fib,3.409,/Users/anyachenko/Desktop/repo_test2/Data-Science-Lab/results/answers/Qwen_Qwen3-32B_fib_20251210_022715.txt
2025-12-10T02:27:23,Qwen/Qwen3-32B,fib,3.826,/Users/anyachenko/Desktop/repo_test2/Data-Science-Lab/results/answers/Qwen_Qwen3-32B_fib_20251210_022719.txt
2025-12-10T02:27:27,Qwen/Qwen3-32B,fib,4.099,/Users/anyachenko/Desktop/repo_test2/Data-Science-Lab/results/answers/Qwen_Qwen3-32B_fib_20251210_022722.txt
2025-12-10T02:27:32,Qwen/Qwen3-32B,fib,3.677,/Users/anyachenko/Desktop/repo_test2/Data-Science-Lab/results/answers/Qwen_Qwen3-32B_fib_20251210_022728.txt
2025-12-10T02:27:36,Qwen/Qwen3-32B,fib,3.423,/Users/anyachenko/Desktop/repo_test2/Data-Science-Lab/results/answers/Qwen_Qwen3-32B_fib_20251210_022732.txt
2025-12-10T02:27:40,mistralai/Mistral-7B-v0.1,fib,0.957,/Users/anyachenko/Desktop/repo_test2/Data-Science-Lab/results/answers/mistralai_Mistral-7B-v0.1_fib_20251210_022739.txt
2025-12-10T02:27:41,mistralai/Mistral-7B-v0.2,fib,0.802,/Users/anyachenko/Desktop/repo_test2/Data-Science-Lab/results/answers/mistralai_Mistral-7B-v0.2_fib_20251210_022740.txt
2025-12-10T02:27:42,mistralai/Mistral-7B-v0.3,fib,0.778,/Users/anyachenko/Desktop/repo_test2/Data-Science-Lab/results/answers/mistralai_Mistral-7B-v0.3_fib_20251210_022741.txt
2025-12-10T02:27:43,mistralai/Mistral-7B-v0.4,fib,1.007,/Users/anyachenko/Desktop/repo_test2/Data-Science-Lab/results/answers/mistralai_Mistral-7B-v0.4_fib_20251210_022741.txt
2025-12-10T02:27:45,mistralai/Mistral-7B-v0.5,fib,0.964,/Users/anyachenko/Desktop/repo_test2/Data-Science-Lab/results/answers/mistralai_Mistral-7B-v0.5_fib_20251210_022744.txt
2025-12-10T02:27:46,mistralai/Mistral-7B-v0.6,fib,0.716,/Users/anyachenko/Desktop/repo_test2/Data-Science-Lab/results/answers/mistralai_Mistral-7B-v0.6_fib_20251210_022745.txt
2025-12-10T02:27:47,mistralai/Mistral-7B-v0.7,fib,0.633,/Users/anyachenko/Desktop/repo_test2/Data-Science-Lab/results/answers/mistralai_Mistral-7B-v0.7_fib_20251210_022746.txt
2025-12-10T02:27:48,mistralai/Mistral-7B-v0.8,fib,0.839,/Users/anyachenko/Desktop/repo_test2/Data-Science-Lab/results/answers/mistralai_Mistral-7B-v0.8_fib_20251210_022747.txt
2025-12-10T02:27:49,mistralai/Mistral-7B-v0.9,fib,0.951,/Users/anyachenko/Desktop/repo_test2/Data-Science-Lab/results/answers/mistralai_Mistral-7B-v0.9_fib_20251210_022748.txt
2025-12-10T02:27:50,mistralai/Mistral-7B-v1.0,fib,1.029,/Users/anyachenko/Desktop/repo_test2/Data-Science-Lab/results/answers/mistralai_Mistral-7B-v1.0_fib_20251210_022748.txt
2025-12-10T02:27:52,mistralai/Mistral-7B-v1.1,fib,0.770,/Users/anyachenko/Desktop/repo_test2/Data-Science-Lab/results/answers/mistralai_Mistral-7B-v1.1_fib_20251210_022751.txt
2025-12-10T02:27:53,mistralai/Mistral-7B-v1.2,fib,0.760,/Users/anyachenko/Desktop/repo_test2/Data-Science-Lab/results/answers/mistralai_Mistral-7B-v1.2_fib_20251210_022752.txt
2025-12-10T02:27:54,mistralai/Mistral-7B-v1.3,fib,0.791,/Users/anyachenko/Desktop/repo_test2/Data-Science-Lab/results/answers/mistralai_Mistral-7B-v1.3_fib_20251210_022753.txt
2025-12-10T02:27:55,mistralai/Mistral-7B-v1.4,fib,1.141,/Users/anyachenko/Desktop/repo_test2/Data-Science-Lab/results/answers/mistralai_Mistral-7B-v1.4_fib_20251210_022753.txt
2025-12-10T02:27:57,mistralai/Mistral-7B-v1.5,fib,0.875,/Users/anyachenko/Desktop/repo_test2/Data-Science-Lab/results/answers/mistralai_Mistral-7B-v1.5_fib_20251210_022756.txt
2025-12-10T02:27:58,mistralai/Mistral-7B-v1.6,fib,1.141,/Users/anyachenko/Desktop/repo_test2/Data-Science-Lab/results/answers/mistralai_Mistral-7B-v1.6_fib_20251210_022756.txt
2025-12-10T02:28:00,mistralai/Mistral-7B-v1.7,fib,1.197,/Users/anyachenko/Desktop/repo_test2/Data-Science-Lab/results/answers/mistralai_Mistral-7B-v1.7_fib_20251210_022758.txt
2025-12-10T02:28:02,mistralai/Mistral-7B-v1.8,fib,0.633,/Users/anyachenko/Desktop/repo_test2/Data-Science-Lab/results/answers/mistralai_Mistral-7B-v1.8_fib_20251210_022801.txt
2025-12-10T02:28:03,mistralai/Mistral-7B-v1.9,fib,0.614,/Users/anyachenko/Desktop/repo_test2/Data-Science-Lab/results/answers/mistralai_Mistral-7B-v1.9_fib_20251210_022802.txt
2025-12-10T02:28:04,mistralai/Mistral-7B-v2.0,fib,0.919,/Users/anyachenko/Desktop/repo_test2/Data-Science-Lab/results/answers/mistralai_Mistral-7B-v2.0_fib_20251210_022803.txt
2025-12-10T02:28:05,mistralai/Mistral-7B-v2.1,fib,1.093,/Users/anyachenko/Desktop/repo_test2/Data-Science-Lab/results/answers/mistralai_Mistral-7B-v2.1_fib_20251210_022803.txt
2025-12-10T02:28:07,mistralai/Mistral-7B-v2.2,fib,1.026,/Users/anyachenko/Desktop/repo_test2/Data-Science-Lab/results/answers/mistralai_Mistral-7B-v2.2_fib_20251210_022805.txt
2025-12-10T02:28:09,mistralai/Mistral-7B-v2.3,fib,0.880,/Users/anyachenko/Desktop/repo_test2/Data-Science-Lab/results/answers/mistralai_Mistral-7B-v2.3_fib_20251210_022808.txt
2025-12-10T02:28:10,mistralai/Mistral-7B-v2.4,fib,0.690,/Users/anyachenko/Desktop/repo_test2/Data-Science-Lab/results/answers/mistralai_Mistral-7B-v2.4_fib_20251210_022809.txt
2025-12-10T02:28:11,mistralai/Mistral-7B-v2.5,fib,1.131,/Users/anyachenko/Desktop/repo_test2/Data-Science-Lab/results/answers/mistralai_Mistral-7B-v2.5_fib_20251210_022809.txt
2025-12-10T02:28:13,mistralai/Mistral-7B-v2.6,fib,0.978,/Users/anyachenko/Desktop/repo_test2/Data-Science-Lab/results/answers/mistralai_Mistral-7B-v2.6_fib_20251210_022812.txt
2025-12-10T02:28:14,mistralai/Mistral-7B-v2.7,fib,1.097,/Users/anyachenko/Desktop/repo_test2/Data-Science-Lab/results/answers/mistralai_Mistral-7B-v2.7_fib_20251210_022812.txt
2025-12-10T02:28:16,mistralai/Mistral-7B-v2.8,fib,1.095,/Users/anyachenko/Desktop/repo_test2/Data-Science-Lab/results/answers/mistralai_Mistral-7B-v2.8_fib_20251210_022814.txt
2025-12-10T02:28:18,mistralai/Mistral-7B-v2.9,fib,0.840,/Users/anyachenko/Desktop/repo_test2/Data-Science-Lab/results/answers/mistralai_Mistral-7B-v2.9_fib_20251210_022817.txt
2025-12-10T02:28:19,mistralai/Mistral-7B-v3.0,fib,0.810,/Users/anyachenko/Desktop/repo_test2/Data-Science-Lab/results/answers/mistralai_Mistral-7B-v3.0_fib_20251210_022818.txt
2025-12-10T02:28:20,mistralai/Mistral-7B-v3.1,fib,0.629,/Users/anyachenko/Desktop/repo_test2/Data-Science-Lab/results/answers/mistralai_Mistral-7B-v3.1_fib_20251210_022819.txt
2025-12-10T02:28:21,mistralai/Mistral-7B-v3.2,fib,0.653,/Users/anyachenko/Desktop/repo_test2/Data-Science-Lab/results/answers/mistralai_Mistral-7B-v3.2_fib_20251210_022820.txt
2025-12-10T02:28:22,mistralai/Mistral-7B-v3.3,fib,1.107,/Users/anyachenko/Desktop/repo_test2/Data-Science-Lab/results/answers/mistralai_Mistral-7B-v3.3_fib_20251210_022820.txt
2025-12-10T02:28:24,mistralai/Mistral-7B-v3.4,fib,0.773,/Users/anyachenko/Desktop/repo_test2/Data-Science-Lab/results/answers/mistralai_Mistral-7B-v3.4_fib_20251210_022823.txt
2025-12-10T02:28:25,mistralai/Mistral-7B-v3.5,fib,1.087,/Users/anyachenko/Desktop/repo_test2/Data-Science-Lab/results/answers/mistralai_Mistral-7B-v3.5_fib_20251210_022823.txt
2025-12-10T02:28:27,mistralai/Mistral-7B-v3.6,fib,1.148,/Users/anyachenko/Desktop/repo_test2/Data-Science-Lab/results/answers/mistralai_Mistral-7B-v3.6_fib_20251210_022825.txt
2025-12-10T02:28:29,mistralai/Mistral-7B-v3.7,fib,1.159,/Users/anyachenko/Desktop/repo_test2/Data-Science-Lab/results/answers/mistralai_Mistral-7B-v3.7_fib_20251210_022827.txt
2025-12-10T02:28:31,mistralai/Mistral-7B-v3.8,fib,0.856,/Users/anyachenko/Desktop/repo_test2/Data-Science-Lab/results/answers/mistralai_Mistral-7B-v3.8_fib_20251210_022830.txt
2025-12-10T02:28:32,mistralai/Mistral-7B-v3.9,fib,0.926,/Users/anyachenko/Desktop/repo_test2/Data-Science-Lab/results/answers/mistralai_Mistral-7B-v3.9_fib_20251210_022831.txt
2025-12-10T02:28:33,mistralai/Mistral-7B-v4.0,fib,1.137,/Users/anyachenko/Desktop/repo_test2/Data-Science-Lab/results/answers/mistralai_Mistral-7B-v4.0_fib_20251210_022831.txt
2025-12-10T02:28:35,mistralai/Mistral-7B-v4.1,fib,0.752,/Users/anyachenko/Desktop/repo_test2/Data-Science-Lab/results/answers/mistralai_Mistral-7B-v4.1_fib_20251210_022834.txt
2025-12-10T02:28:36,mistralai/Mistral-7B-v4.2,fib,0.802,/Users/anyachenko/Desktop/repo_test2/Data-Science-Lab/results/answers/mistralai_Mistral-7B-v4.2_fib_20251210_022835.txt
2025-12-10T02:28:37,mistralai/Mistral-7B-v4.3,fib,0.820,/Users/anyachenko/Desktop/repo_test2/Data-Science-Lab/results/answers/mistralai_Mistral-7B-v4.3_fib_20251210_022836.txt
2025-12-10T02:28:38,mistralai/Mistral-7B-v4.4,fib,1.055,/Users/anyachenko/Desktop/repo_test2/Data-Science-Lab/results/answers/mistralai_Mistral-7B-v4.4_fib_20251210_022836.txt
2025-12-10T02:28:40,mistralai/Mistral-7B-v4.5,fib,0.616,/Users/anyachenko/Desktop/repo_test2/Data-Science-Lab/results/answers/mistralai_Mistral-7B-v4.5_fib_20251210_022839.txt
2025-12-10T02:28:41,mistralai/Mistral-7B-v4.6,fib,1.106,/Users/anyachenko/Desktop/repo_test2/Data-Science-Lab/results/answers/mistralai_Mistral-7B-v4.6_fib_20251210_022839.txt
2025-12-10T02:28:43,mistralai/Mistral-7B-v4.7,fib,0.927,/Users/anyachenko/Desktop/repo_test2/Data-Science-Lab/results/answers/mistralai_Mistral-7B-v4.7_fib_20251210_022842.txt
2025-12-10T02:28:44,mistralai/Mistral-7B-v4.8,fib,0.876,/Users/anyachenko/Desktop/repo_test2/Data-Science-Lab/results/answers/mistralai_Mistral-7B-v4.8_fib_20251210_022843.txt
2025-12-10T02:28:45,mistralai/Mistral-7B-v4.9,fib,0.784,/Users/anyachenko/Desktop/repo_test2/Data-Science-Lab/results/answers/mistralai_Mistral-7B-v4.9_fib_20251210_022844.txt
2025-12-10T02:28:46,mistralai/Mistral-7B-v5.0,fib,0.630,/Users/anyachenko/Desktop/repo_test2/Data-Science-Lab/results/answers/mistralai_Mistral-7B-v4.9_fib_20251210_022845.txt